{
  "hash": "b804520a",
  "configHash": "8719b934",
  "lockfileHash": "66a7d083",
  "browserHash": "78e704da",
  "optimized": {
    "@angular/common": {
      "src": "../../../../../../node_modules/@angular/common/fesm2022/common.mjs",
      "file": "@angular_common.js",
      "fileHash": "d30053a8",
      "needsInterop": false
    },
    "@angular/common/http": {
      "src": "../../../../../../node_modules/@angular/common/fesm2022/http.mjs",
      "file": "@angular_common_http.js",
      "fileHash": "c3ace113",
      "needsInterop": false
    },
    "@angular/core": {
      "src": "../../../../../../node_modules/@angular/core/fesm2022/core.mjs",
      "file": "@angular_core.js",
      "fileHash": "499e79e5",
      "needsInterop": false
    },
    "@angular/forms": {
      "src": "../../../../../../node_modules/@angular/forms/fesm2022/forms.mjs",
      "file": "@angular_forms.js",
      "fileHash": "d2b4aa5e",
      "needsInterop": false
    },
    "@angular/google-maps": {
      "src": "../../../../../../node_modules/@angular/google-maps/fesm2022/google-maps.mjs",
      "file": "@angular_google-maps.js",
      "fileHash": "ef0ff4dc",
      "needsInterop": false
    },
    "@angular/material/dialog": {
      "src": "../../../../../../node_modules/@angular/material/fesm2022/dialog.mjs",
      "file": "@angular_material_dialog.js",
      "fileHash": "ccb61a11",
      "needsInterop": false
    },
    "@angular/platform-browser": {
      "src": "../../../../../../node_modules/@angular/platform-browser/fesm2022/platform-browser.mjs",
      "file": "@angular_platform-browser.js",
      "fileHash": "c5c3631d",
      "needsInterop": false
    },
    "@angular/platform-browser/animations": {
      "src": "../../../../../../node_modules/@angular/platform-browser/fesm2022/animations.mjs",
      "file": "@angular_platform-browser_animations.js",
      "fileHash": "75cbab67",
      "needsInterop": false
    },
    "@angular/platform-browser/animations/async": {
      "src": "../../../../../../node_modules/@angular/platform-browser/fesm2022/animations/async.mjs",
      "file": "@angular_platform-browser_animations_async.js",
      "fileHash": "b16e3ff2",
      "needsInterop": false
    },
    "@angular/router": {
      "src": "../../../../../../node_modules/@angular/router/fesm2022/router.mjs",
      "file": "@angular_router.js",
      "fileHash": "4b6bcc04",
      "needsInterop": false
    },
    "@geoapify/geocoder-autocomplete": {
      "src": "../../../../../../node_modules/@geoapify/geocoder-autocomplete/dist/index.min.esm.js",
      "file": "@geoapify_geocoder-autocomplete.js",
      "fileHash": "211e6874",
      "needsInterop": false
    },
    "jwt-decode": {
      "src": "../../../../../../node_modules/jwt-decode/build/esm/index.js",
      "file": "jwt-decode.js",
      "fileHash": "debf8662",
      "needsInterop": false
    },
    "leaflet": {
      "src": "../../../../../../node_modules/leaflet/dist/leaflet-src.js",
      "file": "leaflet.js",
      "fileHash": "47b2b02d",
      "needsInterop": true
    },
    "ngx-slick-carousel": {
      "src": "../../../../../../node_modules/ngx-slick-carousel/fesm2022/ngx-slick-carousel.mjs",
      "file": "ngx-slick-carousel.js",
      "fileHash": "e3c41bae",
      "needsInterop": false
    },
    "ngx-toastr": {
      "src": "../../../../../../node_modules/ngx-toastr/fesm2022/ngx-toastr.mjs",
      "file": "ngx-toastr.js",
      "fileHash": "d78b0e5d",
      "needsInterop": false
    },
    "rxjs": {
      "src": "../../../../../../node_modules/rxjs/dist/esm5/index.js",
      "file": "rxjs.js",
      "fileHash": "a4d4259b",
      "needsInterop": false
    }
  },
  "chunks": {
    "browser-ODT4P3HP": {
      "file": "browser-ODT4P3HP.js"
    },
    "chunk-RDOWDKOO": {
      "file": "chunk-RDOWDKOO.js"
    },
    "chunk-EDXFREZS": {
      "file": "chunk-EDXFREZS.js"
    },
    "chunk-XPIEAWKJ": {
      "file": "chunk-XPIEAWKJ.js"
    },
    "chunk-BX4PYOT7": {
      "file": "chunk-BX4PYOT7.js"
    },
    "chunk-OGCPXSTP": {
      "file": "chunk-OGCPXSTP.js"
    },
    "chunk-QV6YPYNH": {
      "file": "chunk-QV6YPYNH.js"
    },
    "chunk-A6TYSQQP": {
      "file": "chunk-A6TYSQQP.js"
    },
    "chunk-ZSY7TSMJ": {
      "file": "chunk-ZSY7TSMJ.js"
    },
    "chunk-3OV72XIM": {
      "file": "chunk-3OV72XIM.js"
    }
  }
}